TDSFU Daily run: Wed Oct 22 08:58:47 UTC 2025 TDSFU
TDSFU Daily run: Thu Oct 23 04:36:15 UTC 2025 TDSFU
TDSFU Daily run: Fri Oct 24 04:35:30 UTC 2025 TDSFU
TDSFU Daily run: Sat Oct 25 04:34:44 UTC 2025 TDSFU
TDSFU Daily run: Sun Oct 26 04:35:02 UTC 2025 TDSFU
TDSFU Daily run: Mon Oct 27 04:44:04 UTC 2025 TDSFU
TDSFU Daily run: Tue Oct 28 04:37:48 UTC 2025 TDSFU
TDSFU Daily run: Wed Oct 29 04:42:15 UTC 2025 TDSFU
TDSFU Daily run: Thu Oct 30 04:37:07 UTC 2025 TDSFU
TDSFU Daily run: Fri Oct 31 04:39:46 UTC 2025 TDSFU
TDSFU Daily run: Sat Nov  1 04:34:15 UTC 2025 TDSFU
TDSFU Daily run: Sun Nov  2 04:37:06 UTC 2025 TDSFU
TDSFU Daily run: Mon Nov  3 04:42:56 UTC 2025 TDSFU
